720575941609026122	720575940623935159
720575941451085993	720575940624738232
720575941688475611	720575940624738232
720575941652076817	720575940626287644
720575941563052434	720575940617453457
720575941446846740	720575940646604932
720575941481579971	720575940635286958
720575941414565148	720575940631761183
720575941586964548	720575940624738232
720575941503969189	720575940643544224
720575941505126565	720575940623321226
720575941547435400	720575940623935159
720575941437282367	720575940623935159
720575941592480808	720575940619112102
720575941668047603	720575940616438085
720575941508354064	720575940622169471
720575941553322323	720575940622169471
720575941450587463	720575940604908972
720575941534886682	720575940623935159
720575941610108333	720575940621845018
720575941454554163	720575940615263903
720575941623260924	720575940628433511
720575941400838179	720575940630011708
720575941506804037	720575940638480061
720575941457996447	720575940621280545
720575941632722592	720575940631335417
720575941538963698	720575940631687332
720575941533033091	720575940604997152
720575941669846951	720575940635286958
720575941352233776	720575940635286958
720575941506209047	720575940610029432
720575941536421603	720575940629967756
720575941571760542	720575940619898759
720575941565173814	720575940622542517
720575941520198323	720575940635696535
720575941449915229	720575940626430339
720575941392627862	720575940620283227
720575941530542283	720575940643544224
720575941679976125	720575940613042403
720575941568882420	720575940619028289
720575941573934331	720575940611229297
720575941680100029	720575940628491792
720575941626048923	720575940609873358
720575941471489088	720575940650260214
720575941611347274	720575940629967756
720575941572075934	720575940630848740
720575941478581610	720575940617035521
720575941513442513	720575940631302186
720575941611159213	720575940628433511
720575941492506544	720575940643398180
720575941555830500	720575940630966840
720575941520311223	720575940618337985
720575941503039979	720575940628920987
720575941526567780	720575940625572240
720575941638570869	720575940622542517
720575941671348391	720575940633188459
720575941667266547	720575940637949161
720575941480076879	720575940631203384
720575941595049174	720575940610029432
720575941503402178	720575940626669957
720575941565830198	720575940608997571
720575941524387403	720575940615147788
720575941412021137	720575940608662485
720575941458003615	720575940610029432
720575941578638581	720575940616426869
720575941470609271	720575940619898759
720575941471636235	720575940605407846
720575941593991894	720575940616095517
720575941407686191	720575940617792596
720575941441439579	720575940621017840
720575941490432972	720575940638053693
720575941452212905	720575940619465904
720575941653931225	720575940635537271
720575941638205557	720575940633710105
720575941522216011	720575940635006559
720575941514462275	720575940632203823
720575941680381117	720575940621457577
720575941415487260	720575940625572240
720575941555325185	720575940615839581
720575941437532434	720575940604103200
720575941613602067	720575940611454833
720575941498627657	720575940612770418
720575941574947766	720575940620686761
720575941533956786	720575940610029432
720575941438642962	720575940628755023
720575941548820513	720575940623546638
720575941550183741	720575940610029432
720575941580585337	720575940610946070
720575941498070857	720575940620537839
720575941625353883	720575940654491553
720575941452086394	720575940636551086
720575941631267308	720575940608452617
720575941460719044	720575940619723979
720575941525761613	720575940623438571
720575941447099412	720575940639056061
720575941593172331	720575940629532759
720575941536456218	720575940610029432
720575941496913889	720575940605431840
720575941555270628	720575940613897890
720575941430407928	720575940610774451
720575941439224917	720575940654491553
720575941479763363	720575940605431840
720575941452228521	720575940629342458
720575941410429099	720575940613897890
720575941519401944	720575940623009416
720575941577772121	720575940620862273
720575941438651436	720575940620012321
720575941642378853	720575940628433511
720575941414623772	720575940621504269
720575941589988606	720575940605196465
720575941470290240	720575940626758489
720575941595380101	720575940623542972
720575941481728186	720575940624157675
720575941541817885	720575940627015942
720575941476655156	720575940621023297
720575941548285729	720575940623542972
720575941498086985	720575940622294808
720575941548367421	720575940604103200
720575941624994459	720575940624537836
720575941553282970	720575940621554968
720575941680049853	720575940633146007
720575941575253686	720575940614784918
720575941480004259	720575940634163552
720575941505241916	720575940613784386
720575941456387824	720575940626669957
720575941413783956	720575940623542972
720575941680356541	720575940621957267
720575941584057695	720575940635286958
720575941485639309	720575940625532689
720575941554706259	720575940627568646
720575941614629139	720575940619358001
720575941631815877	720575940617766228
720575941460847812	720575940614777247
720575941481138627	720575940620342768
720575941528136870	720575940637190990
720575941561997480	720575940606947714
720575941451644794	720575940615386324
720575941488736457	720575940625669660
720575941575925352	720575940612490723
720575941498195681	720575940623985189
720575941583897478	720575940635006559
720575941513828442	720575940635537271
720575941545673916	720575940618731934
720575941603067070	720575940618722475
720575941515222521	720575940633058897
720575941478689898	720575940631587129
720575941537913749	720575940639309390
720575941452519593	720575940643544224
720575941473634858	720575940608767957
720575941550578750	720575940653276833
720575941482238662	720575940627808232
720575941512882243	720575940620045061
720575941680324541	720575940624771879
720575941632103877	720575940612680818
720575941493243568	720575940617035521
720575941468877789	720575940611286990
720575941660431672	720575940639421555
720575941531710693	720575940643544224
720575941689575643	720575940621487088
720575941670391207	720575940613897890
720575941439750607	720575940616798784
720575941477690218	720575940612991730
720575941517083096	720575940632745261
720575941592779115	720575940629172736
720575941535285426	720575940627073448
720575941545383273	720575940640451280
720575941542966557	720575940615959252
720575941430048175	720575940628254263
720575941482152387	720575940640451280
720575941496577408	720575940617366969
720575941575102095	720575940611454833
720575941352233776	720575940635286958
720575941644758177	720575940630620812
720575941625207434	720575940621973274
720575941541819421	720575940604131296
720575941565497959	720575940611954801
720575941486916560	720575940635286958
720575941590190590	720575940629853292
720575941544042245	720575940613897890
720575941541511772	720575940613218344
720575941526801229	720575940640451280
720575941639884575	720575940632195887
720575941543981061	720575940618181445
720575941480424322	720575940623218666
720575941510347730	720575940645682211
720575941596425664	720575940625572240
720575941524686436	720575940631666243
720575941623442684	720575940619259886
720575941569138938	720575940622836237
720575941429067512	720575940605412738
720575941625937977	720575940635286958
720575941451762759	720575940605412738
720575941557544868	720575940623218666
720575941533003352	720575940630427131
720575941547813768	720575940625751117
720575941485612038	720575940628920987
720575941622207228	720575940626999114
720575941525296973	720575940619465904
720575941518777966	720575940614386738
720575941589205303	720575940616826001
720575941571760542	720575940619898759
720575941534946826	720575940623491069
720575941668103089	720575940625490788
720575941440097231	720575940649008761
720575941640028703	720575940624224526
720575941491422670	720575940616426869
720575941568903412	720575940617540838
720575941575841896	720575940618830459
720575941477737066	720575940631763257
720575941543702277	720575940617366969
720575941564098194	720575940611728563
720575941408963243	720575940605431840
720575941450269006	720575940617485083
720575941551911998	720575940626081636
720575941552833563	720575940640451280
720575941534323378	720575940611454833
720575941593821803	720575940615895858
720575941584865414	720575940625572240
720575941501932939	720575940616426869
720575941513091395	720575940612429994
720575941496326784	720575940658321793
720575941509528336	720575940631763257
720575941624166282	720575940630848740
720575941650717717	720575940637143262
720575941431189463	720575940611370610
720575941574535016	720575940627572742
720575941559793390	720575940613897890
720575941688305270	720575940611286990
720575941537759720	720575940620454849
720575941731659819	720575940612991730
720575941489384396	720575940621280545
720575941579446773	720575940622771338
720575941536983523	720575940611702165
720575941598929856	720575940626999114
720575941440931023	720575940624934800
720575941400741411	720575940625925458
720575941455562989	720575940616426869
720575941643336786	720575940622647501
720575941481056963	720575940626081636
720575941494215367	720575940625484602
720575941430361481	720575940632177453
720575941537896597	720575940627353031
720575941553484442	720575940623004429
720575941502552811	720575940617623632
720575941560103795	720575940614183218
720575941507303458	720575940637143262
720575941528949892	720575940628920987
720575941492240560	720575940624085739
720575941553429761	720575940605180849
720575941668872625	720575940613897890
720575941588048196	720575940636539790
720575941532428419	720575940628217899
720575941532735461	720575940633934772
720575941611393126	720575940631106319
720575941669688999	720575940626287644
720575941625895737	720575940613793602
720575941472748586	720575940636539790
720575941415760156	720575940619465904
720575941573030301	720575940632177453
720575941653938905	720575940632745261
720575941567828782	720575940625309882
720575941574970216	720575940619465904
720575941547124360	720575940615959252
720575941591350412	720575940618830459
720575941606620781	720575940612104627
720575941574632591	720575940635286958
720575941452284329	720575940613863330
720575941552872766	720575940631763257
720575941574020873	720575940659323521
720575941644043681	720575940616438085
720575941667942131	720575940619465904
720575941593757654	720575940624144107
720575941560241709	720575940619465904
720575941534876865	720575940649536121
720575941413169297	720575940632195887
720575941553361050	720575940624713660
720575941627345721	720575940610307374
720575941526028388	720575940618830459
720575941611107686	720575940623004429
720575941490059317	720575940632835298
720575941517735852	720575940608452617
720575941515244890	720575940630519035
720575941430706351	720575940647214724
720575941533890826	720575940631335417
720575941402707312	720575940605551038
720575941525754980	720575940629952374
720575941687574511	720575940626404776
720575941413332628	720575940630461265
720575941437397266	720575940608158300
720575941590252172	720575940635286958
720575941560555309	720575940635286958
720575941492027623	720575940612429994
720575941451979847	720575940625572240
720575941588026692	720575940613897890
720575941458028959	720575940617366969
720575941475915313	720575940606195657
720575941594787697	720575940639421555
720575941643337298	720575940629952374
720575941669486513	720575940643544224
720575941478359146	720575940616798784
720575941642797925	720575940629952374
720575941476741940	720575940631763257
720575941440718287	720575940631057209
720575941455902445	720575940659323521
720575941564309511	720575940619723979
720575941478097258	720575940617540838
720575941505972389	720575940659323521
720575941528682884	720575940630906179
720575941607355245	720575940638474112
720575941722410042	720575940630011708
720575941511378130	720575940624713660
720575941611485417	720575940624713660
720575941551411774	720575940659323521
720575941690091160	720575940608997571
720575941686893039	720575940619319512
720575941550863871	720575940614386738
720575941515653011	720575940631587129
720575941658803480	720575940615839581
720575941554095361	720575940632273378
720575941460218579	720575940615839581
720575941602836470	720575940629342458
720575941430244745	720575940659323521
720575941450283079	720575940615839581
720575941644073633	720575940643544224
720575941613376988	720575940659323521
720575941478426218	720575940629342458
720575941563704832	720575940608767957
720575941518776430	720575940621784298
720575941559246451	720575940614386738
720575941514936579	720575940619319512
720575941526036301	720575940619319512
720575941475636289	720575940621487088
720575941610918377	720575940617540838
720575941568657396	720575940638474112
720575941556321700	720575940638963363
720575941702037466	720575940630497142
720575941489795785	720575940629952374
720575941472819296	720575940626102628
720575941686952175	720575940638960547
720575941656534808	720575940631335417
720575941471526667	720575940626083940
720575941568732018	720575940630792399
720575941439623259	720575940618722475
720575941514542179	720575940615895858
720575941460897988	720575940621094093
720575941688300662	720575940625572240
720575941583320671	720575940643398180
720575941611556781	720575940613796527
720575941392621206	720575940630461265
720575941434514062	720575940615839581
720575941639594015	720575940627857384
720575941583546502	720575940626265084
720575941514888282	720575940631108179
720575941556420260	720575940659323521
720575941504095909	720575940639309390
720575941525697026	720575940612692672
720575941506545980	720575940659323521
720575941588678654	720575940629899511
720575941575687862	720575940630011708
720575941585628126	720575940624489620
720575941468992989	720575940618731934
720575941538123925	720575940618731934
720575941645231736	720575940638474112
720575941547786888	720575940626643944
720575941670456999	720575940630011708
720575941480875715	720575940614386738
720575941352043312	720575940606335106
720575941499157577	720575940614755478
720575941572667976	720575940629952374
720575941560319277	720575940629955446
720575941437407788	720575940659323521
720575941452177018	720575940626371842
720575941610370793	720575940638960547
720575941552881179	720575940629952374
720575941441090255	720575940610833250
720575941459385414	720575940625655088
720575941549178228	720575940615839581
720575941458351942	720575940632745261
720575941639768095	720575940616426869
720575941604121590	720575940630620812
720575941625345388	720575940622272076
720575941643032737	720575940618425246
720575941639595295	720575940643544224
720575941578848337	720575940629952374
720575941632193733	720575940621966369
720575941559631219	720575940631587129
720575941450692174	720575940633058897
720575941458182047	720575940621957267
720575941644520056	720575940621957267
720575941544299964	720575940629342458
720575941563591680	720575940621957267
720575941542081565	720575940639267406
720575941441718363	720575940620378246
720575941515642115	720575940639267406
720575941551695751	720575940620612590
720575941503839467	720575940604131296
720575941530911435	720575940624771879
720575941668018163	720575940619153749
720575941597468572	720575940632835298
720575941513494604	720575940613897890
720575941588208126	720575940639421555
720575941640156447	720575940639421555
720575941616467157	720575940616798784
720575941491291367	720575940639421555
720575941539443917	720575940613897890
720575941655148249	720575940614386738
720575941573296891	720575940622272076
720575941443805866	720575940628355843
720575941520364467	720575940614386738
720575941470541067	720575940631587129
720575941502253362	720575940659323521
720575941652872977	720575940617540838
720575941652685841	720575940630972747
720575941413773716	720575940629342458
720575941560506413	720575940621487088
720575941497660283	720575940626999114
720575941662770044	720575940616121501
720575941413485201	720575940629952374
720575941632169632	720575940630427131
720575941426674260	720575940608564233
720575941586053598	720575940630726085
720575941563407767	720575940616426869
720575941505433916	720575940625529477
720575941571498398	720575940629894391
720575941505242940	720575940639309390
720575941403979120	720575940626999114
720575941486961360	720575940621966369
720575941558345587	720575940626216573
720575941471152651	720575940605431840
720575941564829591	720575940640451280
720575941536106522	720575940604131296
720575941413336980	720575940630696443
720575941577395801	720575940611394019
720575941403986032	720575940626999114
720575941468999389	720575940617540838
720575941549185597	720575940617540838
720575941513107665	720575940629955446
720575941403983472	720575940630620812
720575941461713296	720575940617540838
720575941523820619	720575940608997571
720575941630178530	720575940622295832
720575941449349213	720575940630620812
720575941687197423	720575940628238586
720575941536844018	720575940612429994
720575941456337133	720575940608407049
720575941687825903	720575940608407049
720575941503141867	720575940629342458
720575941609656749	720575940619319512
720575941438423615	720575940630011708
720575941490433228	720575940630461265
720575941568934906	720575940632745261
720575941668712113	720575940613897890
720575941624149898	720575940616798784
720575941555750884	720575940617366969
720575941505249852	720575940630792399
720575941430167032	720575940624934800
720575941481435389	720575940616798784
720575941583497606	720575940619153749
720575941506316894	720575940614777247
720575941485494338	720575940616589142
720575941400971555	720575940622771338
720575941632473275	720575940639421555
720575941456948127	720575940614777247
720575941688843160	720575940632835298
720575941459596614	720575940632447827
720575941449392718	720575940619153749
720575941643047112	720575940611615986
720575941560921901	720575940629746626
720575941564496023	720575940621487088
720575941596256156	720575940623218666
720575941438436671	720575940611454833
720575941439458133	720575940619899527
720575941626958137	720575940627353031
720575941612225299	720575940616798784
720575941489409228	720575940619153749
720575941352202800	720575940623067114
720575941454204723	720575940640451280
720575941563278226	720575940610774451
720575941568243706	720575940625484602
720575941392629142	720575940605431840
720575941632646560	720575940624934800
720575941546723208	720575940626081636
720575941538288533	720575940605431840
720575941440073813	720575940608496835
720575941352132912	720575940623116585
720575941611119590	720575940630792399
720575941513720908	720575940638053693
720575941465715798	720575940621280545
720575941509095634	720575940623253994
720575941490894055	720575940626265084
720575941402048803	720575940625309882
720575941505254204	720575940631108179
720575941574931869	720575940638936629
720575941549680244	720575940625529477
720575941554807041	720575940638936629
720575941477545578	720575940611615986
720575941485514562	720575940616426869
720575941554768211	720575940628561111
720575941410191275	720575940623253994
720575941551179519	720575940618830459
720575941534485002	720575940623935159
720575941551157247	720575940635286958
720575941573508765	720575940604963686
720575941458961734	720575940633763832
720575941490835175	720575940630906179
720575941426718036	720575940616426869
720575941505960613	720575940611370610
720575941392642454	720575940612429994
720575941553249927	720575940614824095
720575941541511260	720575940633673497
720575941644171896	720575940618473808
720575941573938952	720575940632105809
720575941603010489	720575940633231827
720575941520949495	720575940619465904
720575941526271513	720575940632745261
720575941519144302	720575940625683740
720575941527045732	720575940631335417
720575941401382435	720575940612429994
720575941537590243	720575940604963686
720575941595487857	720575940611694565
720575941541512796	720575940624738232
720575941456577517	720575940649008761
720575941481615613	720575940631335417
720575941476659009	720575940616649433
720575941525824514	720575940625572240
720575941568869620	720575940612429994
720575941517731756	720575940612429994
720575941617211093	720575940617026305
720575941522802423	720575940625572240
720575941537055720	720575940612429994
720575941435005472	720575940608452617
720575941625927993	720575940611286990
720575941534267114	720575940608452617
720575941559867663	720575940625572240
720575941565461607	720575940628755023
720575941573501435	720575940608452617
720575941352049712	720575940631036687
720575941514250586	720575940628755023
720575941651485205	720575940617954075
720575941585422302	720575940616798784
720575941457437343	720575940630011708
720575941573066235	720575940632745261
720575941439226197	720575940619465904
720575941505373207	720575940613793602
720575941611037929	720575940621736662
720575941485510978	720575940621924103
720575941460328592	720575940629563006
720575941515044089	720575940627367189
720575941618783871	720575940628433511
720575941468828637	720575940623400189
720575941554279937	720575940635696535
720575941642988114	720575940629532098
720575941428715000	720575940616569227
720575941507582849	720575940619895329
720575941441356479	720575940610944022
720575941481864134	720575940632173103
720575941547418504	720575940623059080
720575941641887314	720575940624428019
720575941414776980	720575940634942362
720575941557655823	720575940608801749
720575941553173787	720575940622294808
720575941509289232	720575940636159198
720575941658032464	720575940610029432
720575941449373262	720575940610029432
720575941431199841	720575940635884143
720575941468831965	720575940654491553
720575941476504385	720575940632377375
720575941573422587	720575940626430339
720575941613173011	720575940628983963
720575941542533405	720575940623171847
720575941433505678	720575940610029432
720575941669044391	720575940652799649
720575941599434281	720575940654491553
720575941455824877	720575940631647043
720575941491033292	720575940626758489
720575941625191067	720575940636430437
720575941471860064	720575940611733997
720575941427340372	720575940621044701
720575941568987636	720575940630560505
720575941573527439	720575940610946070
720575941625726828	720575940621086134
720575941495766912	720575940615386324
720575941439377237	720575940623679495
720575941631166917	720575940659850113
720575941549599521	720575940634942362
720575941492156336	720575940618746747
720575941506239045	720575940615219778
720575941498046177	720575940614887830
720575941632251589	720575940623105023
720575941466605142	720575940615961684
720575941517242734	720575940633996911
720575941437622495	720575940628975482
720575941512885324	720575940612647282
720575941536722659	720575940611696042
720575941540422781	720575940629967756
720575941506082327	720575940610029432
720575941588105284	720575940625532689
720575941558238958	720575940605407846
720575941595493745	720575940624288520
720575941566529590	720575940633560545
720575941452712775	720575940625476708
720575941504164802	720575940623438571
720575941554433819	720575940632736045
720575941392755094	720575940616095517
720575941547830664	720575940628433511
720575941471809088	720575940610029432
720575941587943236	720575940610029432
720575941471041856	720575940631647043
720575941575571087	720575940612770418
720575941580822393	720575940610029432
720575941629765356	720575940605407846
720575941533114290	720575940628975482
720575941595137829	720575940610029432
720575941498266849	720575940644423204
720575941431063822	720575940630471695
720575941558873971	720575940606667977
720575941505151141	720575940637756349
720575941496780001	720575940623105023
720575941667452147	720575940635696535
720575941565173814	720575940622542517
720575941612398044	720575940636430437
720575941495655111	720575940623400189
720575941662676092	720575940620862273
720575941587981111	720575940610029432
720575941401724707	720575940623488270
720575941557545892	720575940631647043
720575941413778580	720575940623543303
720575941625095050	720575940630471695
720575941537961202	720575940623542972
720575941543837957	720575940620686761
720575941480097443	720575940654491553
720575941482985981	720575940646034740
720575941689925851	720575940606963586
720575941625002139	720575940630560505
720575941609994214	720575940629532098
720575941476474218	720575940654491553
720575941580070901	720575940622348424
720575941433248526	720575940615193100
720575941549179965	720575940606941397
720575941583650143	720575940625323326
720575941590675340	720575940621207216
720575941441690063	720575940610029432
720575941408610863	720575940618198721
720575941462683917	720575940613042403
720575941547378977	720575940605407846
720575941484647174	720575940630733137
720575941567021102	720575940629967756
720575941542787333	720575940652703393
720575941644788168	720575940636159198
720575941504223426	720575940622891277
720575941526881380	720575940623400189
720575941496449920	720575940607828233
720575941437556242	720575940617989076
720575941524752484	720575940636364133
720575941554772051	720575940631754527
720575941497951650	720575940608662485
720575941554081363	720575940615263903
720575941439648603	720575940628983963
720575941476432670	720575940631801401
720575941523763787	720575940610029432
720575941475130161	720575940610029432
720575941564646912	720575940606667977
720575941597943452	720575940652342006
720575941507020823	720575940612266213
720575941498224763	720575940632552343
720575941508462686	720575940610029432
720575941415819292	720575940624524234
720575941586943812	720575940608801749
720575941520663287	720575940608662485
720575941483265734	720575940642347936
720575941631729644	720575940633996911
720575941597606044	720575940624830503
720575941465206806	720575940621087408
720575941558957294	720575940618015773
720575941440526527	720575940610029432
720575941476701236	720575940623059080
720575941515116611	720575940610029432
720575941625099419	720575940630853948
720575941574649526	720575940621044701
720575941642584165	720575940622812808
720575941583947230	720575940642347936
720575941534164658	720575940608662485
720575941545527145	720575940633996911
720575941568409390	720575940642347936
720575941555292644	720575940637810239
720575941432172046	720575940633996911
720575941667555315	720575940620655169
720575941438818860	720575940624096039
720575941440957391	720575940610029432
720575941639378463	720575940610029432
720575941494930375	720575940627861736
720575941638524021	720575940637810239
720575941438716895	720575940631256168
720575941568623610	720575940610029432
720575941569551860	720575940610029432
720575941601884918	720575940623946988
720575941486961872	720575940610029432
720575941515910403	720575940628975482
720575941639423263	720575940614318482
720575941524908825	720575940642347936
720575941686723190	720575940610946070
720575941581024377	720575940623679495
720575941540491901	720575940620862273
720575941525905252	720575940632377375
720575941494799488	720575940622050186
720575941413567636	720575940617249108
720575941431876961	720575940626430339
720575941590104375	720575940625663674
720575941447400117	720575940619695553
720575941438665746	720575940617849920
720575941595095153	720575940627861736
720575941608816202	720575940637970665
720575941531254147	720575940633710105
720575941545528252	720575940611855729
720575941658032208	720575940629967756
720575941564694423	720575940610029432
720575941454414061	720575940610029432
720575941632399776	720575940612266213
720575941520884147	720575940610029432
720575941478432480	720575940635288943
720575941449910197	720575940618224709
720575941623448316	720575940605407846
720575941532601475	720575940654491553
720575941546762376	720575940628433511
720575941491312048	720575940622891277
720575941515332931	720575940622542517
720575941688262924	720575940633188459
720575941563422098	720575940605196465
720575941565790262	720575940630176047
720575941644925128	720575940621477402
720575941557401636	720575940627483413
720575941439369301	720575940623059080
720575941557552420	720575940630733137
720575941430859256	720575940633188459
720575941643369416	720575940635696535
720575941632040645	720575940622844903
720575941390911492	720575940631686308
720575941496290503	720575940630176047
720575941479974083	720575940620655169
720575941611400668	720575940621056577
720575941642950817	720575940613042403
720575941502256834	720575940619967879
720575941627257657	720575940619487414
720575941689913240	720575940621334980
720575941461458576	720575940637804260
720575941613432339	720575940623542972
720575941486808016	720575940614282238
720575941470557195	720575940621023041
720575941603001078	720575940615263903
720575941549918836	720575940622294808
720575941619267199	720575940621529215
720575941615266005	720575940628147718
720575941469116279	720575940614318482
720575941611048294	720575940628147718
720575941493146494	720575940610029432
720575941439373909	720575940610029432
720575941511835212	720575940610029432
720575941406581934	720575940612770418
720575941390989060	720575940635288943
720575941616956885	720575940628269391
720575941688312438	720575940624682426
720575941503473714	720575940616911262
720575941494460032	720575940619154891
720575941550190142	720575940628408055
720575941521246903	720575940645819268
720575941428843401	720575940628408055
720575941535608090	720575940626430339
720575941352978224	720575940631624761
720575941480220835	720575940610029432
720575941619311743	720575940606667977
720575941613047772	720575940610029432
720575941595579013	720575940628975482
720575941561971346	720575940628408055
720575941559748879	720575940629967756
720575941610604521	720575940629967756
720575941439540821	720575940622542517
720575941518911960	720575940631647043
720575941415640604	720575940628433511
720575941630166754	720575940623985189
720575941410289579	720575940622538461
720575941479150415	720575940628408055
720575941670348711	720575940629967756
720575941490888935	720575940618371777
720575941561179816	720575940608801749
720575941457748976	720575940631686308
720575941519084211	720575940639056061
720575941431661015	720575940629127109
720575941607242605	720575940623009416
720575941632713632	720575940610946070
720575941574931721	720575940618657950
720575941472920416	720575940622294808
720575941613427475	720575940620424641
720575941623596955	720575940633146007
720575941485269645	720575940616723549
720575941480129187	720575940625333822
720575941625541787	720575940630114108
720575941551427207	720575940616095517
720575941612703708	720575940605196465
720575941460424659	720575940644805143
720575941400730659	720575940635288943
720575941515372025	720575940614822742
720575941428575480	720575940615907997
720575941431112206	720575940628433511
720575941624795547	720575940625333822
720575941448890461	720575940612190693
720575941430470648	720575940634839487
720575941471299959	720575940628060934
720575941614221721	720575940624527091
720575941441566415	720575940611450134
720575941461460368	720575940617766228
720575941652482321	720575940632617164
720575941431121166	720575940615386324
720575941626943545	720575940624537836
720575941482957309	720575940639733211
720575941661499704	720575940631647043
720575941495072126	720575940634078200
720575941619138175	720575940639286606
720575941517853356	720575940657869953
720575941575333558	720575940622891277
720575941513080140	720575940629693239
720575941551750683	720575940631647043
720575941642943905	720575940631647043
720575941631375547	720575940632617164
720575941504884805	720575940631647043
720575941531051723	720575940624597788
720575941470410507	720575940623009549
720575941473887018	720575940636356836
720575941619324543	720575940627426837
720575941560349229	720575940629088450
720575941477094209	720575940629633150
720575941506106647	720575940624637884
720575941625167818	720575940619519909
720575941498244065	720575940620424641
720575941503420759	720575940629332606
720575941499191458	720575940634442091
720575941536173066	720575940614524127
720575941530376651	720575940621044701
720575941451598919	720575940654491553
720575941565192758	720575940654491553
720575941605656429	720575940654491553
720575941443806378	720575940628433511
720575941557471140	720575940623426633
720575941553098267	720575940624537836
720575941623343868	720575940618184839
720575941470378103	720575940615764422
720575941482920189	720575940630146135
720575941435117454	720575940606667977
720575941403677040	720575940630906655
720575941498585313	720575940632736045
720575941554073683	720575940624537836
720575941550146559	720575940611611378
720575941585622750	720575940611611378
720575941514184515	720575940652342006
720575941391910148	720575940633996911
720575941480250787	720575940610029432
720575941612611548	720575940617845076
720575941413569428	720575940610029432
720575941482196166	720575940621471732
720575941412247700	720575940614318482
720575941665916403	720575940610029432
720575941545527740	720575940621044701
720575941496131783	720575940627568646
720575941568521330	720575940610029432
720575941603004406	720575940623679495
720575941496743497	720575940619895329
720575941547731828	720575940623203767
720575941612272230	720575940625532689
720575941509197778	720575940608801749
720575941639844213	720575940624527091
720575941430940920	720575940634849375
720575941502899543	720575940626430339
720575941662582140	720575940623679495
720575941505339452	720575940624721084
720575941600158505	720575940620282758
720575941553717383	720575940622294808
720575941518109356	720575940620424641
720575941574273896	720575940629909804
720575941455942893	720575940624577613
720575941513429763	720575940637050933
720575941730295851	720575940621023297
720575941506248005	720575940614282238
720575941543968956	720575940615386324
720575941567236142	720575940645819268
720575941553512531	720575940614283006
720575941504821669	720575940620507862
720575941437604831	720575940629967756
720575941610128813	720575940635696535
720575941630412514	720575940637050933
720575941498173665	720575940619259477
720575941460852947	720575940620424641
720575941578690293	720575940627426837
720575941446789908	720575940630219055
720575941506467934	720575940623542972
720575941400845091	720575940619259477
720575941482107834	720575940611450134
720575941490649550	720575940629824828
720575941392321284	720575940618627207
720575941406224046	720575940629633150
720575941505490085	720575940636356836
720575941471422560	720575940621924103
720575941482821373	720575940612490723
720575941623597723	720575940630078348
720575941528408708	720575940631798888
720575941581388153	720575940643063200
720575941401071139	720575940630471695
720575941458835270	720575940615386324
720575941465609046	720575940608823509
720575941542458972	720575940615907997
720575941454110515	720575940646034740
720575941632223468	720575940620754529
720575941446768916	720575940654491553
720575941577571417	720575940619795883
720575941520178867	720575940634078200
720575941498922146	720575940632173103
720575941437414930	720575940634937951
720575941414655380	720575940619259477
720575941497788322	720575940636551086
720575941440952015	720575940627568646
720575941588107588	720575940623438571
720575941439669567	720575940634442091
720575941468981981	720575940629854764
720575941410253995	720575940621017840
720575941652974809	720575940629671235
720575941507196510	720575940614282238
720575941500092043	720575940621924103
720575941557468964	720575940621924103
720575941547911304	720575940621581802
720575941565362274	720575940630733137
720575941568261422	720575940636159198
720575941533915058	720575940613713704
720575941730333483	720575940627568646
720575941492128944	720575940629967756
720575941482634938	720575940634937951
720575941612399836	720575940631594809
720575941547662452	720575940613042403
720575941534850570	720575940617766228
720575941460124486	720575940628060934
720575941595370023	720575940633908887
720575941539895757	720575940626669957
720575941538109170	720575940637407209
720575941614417305	720575940627367189
720575941438104108	720575940630063671
720575941613592595	720575940623543303
720575941461881028	720575940614983274
720575941494223486	720575940617856340
720575941496684513	720575940652703393
720575941610978989	720575940634937951
720575941562861410	720575940632617164
720575941660443192	720575940643063200
720575941657750808	720575940617937437
720575941450060469	720575940630471695
720575941624187244	720575940630751535
720575941497776713	720575940626430339
720575941557669668	720575940626397565
720575941513612364	720575940615907997
720575941412294511	720575940611450134
720575941591941416	720575940615386324
720575941624572315	720575940635696535
720575941543840773	720575940635696535
720575941490901452	720575940620754529
720575941442653098	720575940634967962
720575941559781870	720575940610946070
720575941483211962	720575940628868943
720575941644463736	720575940618201620
720575941515201603	720575940623438571
720575941447067156	720575940626397565
720575941538113778	720575940634914552
720575941415421724	720575940628694007
720575941588912708	720575940626430339
720575941545757801	720575940632172591
720575941567950638	720575940628060934
720575941551078911	720575940624593132
720575941627618617	720575940643063200
720575941410351019	720575940619954091
720575941593656939	720575940624516339
720575941507387682	720575940624637884
720575941563183623	720575940617473748
720575941465801046	720575940621207216
720575941669019825	720575940636430437
720575941624995995	720575940614200426
720575941478815907	720575940637949161
720575941670384295	720575940624637884
720575941520547511	720575940621044701
720575941502634434	720575940623400189
720575941497257851	720575940622891277
720575941610974438	720575940611936474
720575941430179320	720575940654491553
720575941594551079	720575940628412892
720575941558357107	720575940637835839
720575941535216650	720575940628868943
720575941430013321	720575940631647043
720575941654599124	720575940654491553
720575941557394724	720575940654491553
720575941631402171	720575940654491553
720575941549928052	720575940629967756
720575941601824502	720575940629967756
720575941552554814	720575940606667977
720575941530131896	720575940621857313
720575941651144725	720575940604630240
720575941625018732	720575940628060934
720575941545533372	720575940627367189
720575941563450002	720575940618190238
720575941439826383	720575940654606753
720575941592876327	720575940624096039
720575941490442188	720575940632173103
720575941552231230	720575940630471695
720575941503149803	720575940629967756
720575941667641075	720575940629222759
720575941506229121	720575940628225852
720575941595701125	720575940618190238
720575941571538846	720575940615147788
720575941430460335	720575940626430339
720575941559567987	720575940626430339
720575941513763537	720575940623542972
720575941530131640	720575940618224709
720575941454033971	720575940628433511
720575941515062362	720575940623438571
720575941488194869	720575940626669957
720575941597123264	720575940615147788
720575941501119883	720575940627165010
720575941431362735	720575940623543303
720575941575008521	720575940629967756
720575941478453122	720575940615147788
720575941554157595	720575940611111061
720575941391740676	720575940630751535
720575941559303918	720575940654491553
720575941535561192	720575940633493660
720575941643304530	720575940608015627
720575941503603906	720575940628225852
720575941531607781	720575940604884396
720575941722415418	720575940637737021
720575941528511876	720575940620425310
720575941599418665	720575940638480061
720575941594521125	720575940628868943
720575941430625967	720575940646034740
720575941479145696	720575940654491553
720575941529893560	720575940630471695
720575941402867312	720575940620012321
720575941484482957	720575940624577613
720575941478678122	720575940620424641
720575941429177263	720575940623009549
720575941595592325	720575940632010567
720575941604202686	720575940639733211
720575941594125526	720575940621581802
720575941571755016	720575940621924103
720575941538975474	720575940619970586
720575941526887524	720575940614218346
720575941668044019	720575940629292844
720575941652080149	720575940632377375
720575941593157227	720575940618371777
720575941485321538	720575940619465904
720575941590455294	720575940630792399
720575941517858220	720575940632745261
720575941470563851	720575940610029432
720575941526050893	720575940630792399
720575941559323630	720575940611954801
720575941722398266	720575940617540838
720575941556208804	720575940613897890
720575941430853368	720575940630427131
720575941473808682	720575940623962516
720575941429940216	720575940630471695
720575941624985708	720575940608152021
720575941413350804	720575940626930186
720575941722383930	720575940629494543
720575941625907594	720575940608452617
720575941517857452	720575940632105809
720575941654105049	720575940625532689
720575941603856574	720575940627568646
720575941687221743	720575940608015627
720575941566244967	720575940610739930
720575941439813311	720575940629921654
720575941449600334	720575940623546638
720575941612101862	720575940625663674
720575941563226368	720575940638013016
720575941505053756	720575940634442091
720575941640779551	720575940629746626
720575941575318280	720575940632172591
720575941515255386	720575940630853948
720575941602482422	720575940616702262
720575941568401710	720575940637835839
720575941529370808	720575940614416018
720575941480449187	720575940619465904
720575941652140817	720575940628408055
720575941455181037	720575940635353592
720575941471362679	720575940627426837
720575941460172996	720575940621924103
720575941430677719	720575940616911262
720575941585532126	720575940610029432
720575941538232469	720575940623368940
720575941481054659	720575940611286990
720575941446853908	720575940627367189
720575941606759021	720575940610029432
720575941465804886	720575940629746626
720575941466730774	720575940635696535
720575941507268446	720575940625323326
720575941568260346	720575940619723979
720575941564371463	720575940628412892
720575941578426713	720575940621174704
720575941465670230	720575940612770418
720575941460724420	720575940638936629
720575941549234292	720575940639100248
720575941642394213	720575940604908972
720575941732201259	720575940635286958
720575941569534196	720575940616095517
720575941437724460	720575940620424641
720575941589129028	720575940622800653
720575941537933539	720575940632617164
720575941430362799	720575940605431840
720575941731789611	720575940628920987
720575941489604553	720575940613257664
720575941531395045	720575940621280801
720575941594413861	720575940628920987
720575941513469772	720575940638053693
720575941555878372	720575940635286958
720575941454556723	720575940632531231
720575941481579459	720575940621864965
720575941644487800	720575940624036339
720575941476802846	720575940627073448
720575941588587332	720575940631057209
720575941533256323	720575940633146007
720575941495944135	720575940658321793
720575941566248295	720575940638474112
720575941503772098	720575940631769145
720575941492349360	720575940633996911
720575941515538275	720575940635696535
720575941680017341	720575940617623632
720575941572355400	720575940615959252
720575941538346738	720575940625902282
720575941522443255	720575940649008761
720575941546128828	720575940635286958
720575941654611417	720575940628920987
720575941589625854	720575940615959252
720575941612616412	720575940624036339
720575941573728521	720575940629532759
720575941535251434	720575940616426869
720575941410768811	720575940638936629
720575941631699180	720575940616826001
720575941554709843	720575940628920987
720575941452213417	720575940639421555
720575941468928221	720575940618830459
720575941445249706	720575940617865117
720575941643222610	720575940624713660
720575941449689437	720575940659323521
720575941569561588	720575940630461265
720575941550090557	720575940622307096
720575941534677994	720575940605412738
720575941599669545	720575940617313846
720575941612979932	720575940619319512
720575941393212054	720575940623935159
720575941408633006	720575940626265084
720575941468814045	720575940638960547
720575941525991012	720575940621487088
720575941642682981	720575940629532759
720575941441555407	720575940627015942
720575941560515629	720575940616426869
720575941480457635	720575940616139606
720575941592800296	720575940630726085
720575941497869025	720575940630848740
720575941459004400	720575940608158300
720575941535570113	720575940604131296
720575941592925736	720575940630519035
720575941610876746	720575940631763257
720575941552280894	720575940623004429
720575941411896175	720575940631666243
720575941480124290	720575940617313846
720575941553644571	720575940632177453
720575941489333964	720575940620454849
720575941431058785	720575940617954075
720575941573499549	720575940611728563
720575941487494096	720575940625454640
720575941527921284	720575940613042403
720575941515683587	720575940611611378
720575941536746211	720575940610946070
720575941486078349	720575940631731620
720575941536669416	720575940636159198
720575941595489649	720575940608015627
720575941594862375	720575940605407846
720575941630644194	720575940633710105
720575941632730784	720575940619895329
720575941611283945	720575940622387677
720575941563426194	720575940610029432
720575941611630253	720575940625532689
720575941534111666	720575940610029432
720575941508232994	720575940610029432
720575941469908189	720575940620274497
720575941509708560	720575940622542517
720575941625015963	720575940631798888
720575941535613194	720575940629127109
720575941575142070	720575940617034753
720575941449591118	720575940628201259
720575941585655774	720575940633710105
720575941392349590	720575940610029432
720575941632739515	720575940614770847
720575941571289758	720575940635696535
720575941554427475	720575940630471695
720575941571525278	720575940631647043
720575941536884968	720575940645819268
720575941589165892	720575940617989076
720575941549863997	720575940612490723
720575941492956336	720575940628295242
720575941472036160	720575940618190238
720575941595884145	720575940624527091
720575941553097243	720575940635696535
720575941644708984	720575940637835839
720575941469103581	720575940630733137
720575941731662891	720575940620424641
720575941463746317	720575940629909804
720575941585447646	720575940607280818
720575941498081353	720575940627194426
720575941473559136	720575940629909804
720575941569574900	720575940626075079
720575941560082447	720575940654491553
720575941490453196	720575940654491553
720575941490381513	720575940624537836
720575941549074804	720575940633212779
720575941535230698	720575940624375088
720575941534068568	720575940634849375
720575941430869935	720575940618190238
720575941639612959	720575940626075079
720575941549745725	720575940618657950
720575941451650119	720575940629824828
720575941564814599	720575940631562031
720575941486115725	720575940629955446
720575941519084142	720575940613796527
720575941610997225	720575940625309882
720575941416287260	720575940617026305
720575941413845649	720575940625572240
720575941585428702	720575940623985189
720575941470763895	720575940638960547
720575941495667655	720575940618722475
720575941470761335	720575940630792399
720575941535283890	720575940626999114
720575941567755822	720575940618830459
720575941526354178	720575940629746626
720575941479920608	720575940637143262
720575941482644934	720575940614524127
720575941632692128	720575940625333822
720575941471027723	720575940633996911
720575941435036814	720575940621487088
720575941498581729	720575940629563006
720575941410989227	720575940632357284
720575941393316758	720575940619259477
720575941575891638	720575940620342768
720575941658862416	720575940625454640
720575941490616777	720575940629967756
720575941521400499	720575940615737531
720575941511200210	720575940629127109
720575941526618370	720575940619898759
720575941631235554	720575940627483413
720575941668509171	720575940619809263
720575941453339817	720575940627568646
720575941507541573	720575940631716409
720575941598254748	720575940629952374
720575941515525219	720575940605171121
720575941586003422	720575940641084405
720575941480434851	720575940626779398
720575941490634441	720575940625309882
720575941592493352	720575940628725455
720575941439261151	720575940629967756
720575941605035966	720575940652799649
720575941603578102	720575940631335417
720575941469596125	720575940633710105
720575941625737068	720575940627857384
720575941510123280	720575940610029432
720575941702790362	720575940624036339
720575941574867721	720575940619778645
720575941508179073	720575940631203384
720575941617274069	720575940633188459
720575941514643011	720575940637190990
720575941560956973	720575940623935159
720575941585537246	720575940628685059
